company_name,address,phone_number,website,email
D.L.F Cyber City (DLF IT Park).,"DLF IT SEZ Park Main Entrance, Ramapuram, Chennai, Tamil Nadu 600089",N/A,N/A,N/A
DLF Cybercity Chennai,"124, Mount Poonamallee Rd, Manapakkam, Chennai, Tamil Nadu 600089",0124 456 8900,https://www.dlf.in/customer-Support,N/A
DLF Limited - Corporate Office Chennai,"Old No.828, New, 268, Poonamallee High Rd, next to KKR ENT Hospital, Kilpauk, Chennai, Tamil Nadu 600010",044 4399 8888,http://www.dlf.in/,N/A
BLOCK 4 DLF IT Park,"Block 4, DLF IT Park Rd, Ramapuram, Chennai, Tamil Nadu 600089",098910 67492,https://www.dlf.in/customer-Support,N/A
DLF Downtown Chennai,"Jawaharlal Nehru Salai, next to American International School, Tharamani, Chennai, Tamil Nadu 600113",0124 456 8900,https://www.dlf.in/,N/A
DLF Downtown Chennai,"Jawaharlal Nehru Salai, next to American International School, Tharamani, Chennai, Tamil Nadu 600113",0124 456 8900,https://www.dlf.in/,N/A
Lodha Finance India Ltd,"No.14, 44, Whites Rd, Express Estate, Royapettah, Chennai, Tamil Nadu 600002",072999 33334,N/A,N/A
Lodha Manyata Tech- Park,"2, Thanisandra Main Rd, Bharath Nagar, Manayata Tech Park, Thanisandra, Bengaluru, Karnataka 560077",N/A,N/A,N/A
Lodha Sarjapur Road,"Lodha Sarjapur, Sarjapur, Main Road, Dommasandra, Bengaluru, Karnataka 562125",N/A,https://www.lodhagroup.com/projects/residential-property-in-bangalore/lodha-sarjapur-road?publisher=Google-Lodha-Sarjapur-Organic-RI&campaign=Organic-Search&adgroup=Lodha-Sarjapur-GMB&digital_source=GMB-ClickLink&digital_medium=Unpaid&banner_size=GMB-ClickLink&utm_source=Google&utm_medium=Unpaid&utm_campaign=Lodha-Sarjapur-GMB&utm_content=GMB-Listing&utm_creative_format=GMB-Listing&utm_marketing_tactic=prospecting,N/A
"LODHA Casa Paradiso, Hyderabad","Sanath Nagar Main Rd, Near Fateh Nagar MMTS, Allauddin Basthi, Sanath Nagar, Hyderabad, Telangana 500018",022 6716 1111,https://www.lodhagroup.com/all-projects?publisher=Google-casa-paradiso-hyderabad-Organic-RI&campaign=Organic-Search&adgroup=casa-paradiso-hyderabad-GMB&digital_source=GMB-ClickLink&digital_medium=Unpaid&banner_size=GMB-ClickLink&utm_source=Google&utm_medium=Unpaid&utm_campaign=casa-paradiso-hyderabad-GMB&utm_content=GMB-Listing&utm_creative_format=GMB-Listing&utm_marketing_tactic=prospecting,N/A
Lodha Mirabelle,"Sanath Nagar Main Rd, Near Fateh Nagar MMTS, Allauddin Basthi, Sanath Nagar, Hyderabad, Telangana 500018",022 6716 1111,https://www.lodhagroup.com/all-projects?publisher=Google-casa-paradiso-hyderabad-Organic-RI&campaign=Organic-Search&adgroup=casa-paradiso-hyderabad-GMB&digital_source=GMB-ClickLink&digital_medium=Unpaid&banner_size=GMB-ClickLink&utm_source=Google&utm_medium=Unpaid&utm_campaign=casa-paradiso-hyderabad-GMB&utm_content=GMB-Listing&utm_creative_format=GMB-Listing&utm_marketing_tactic=prospecting,N/A
Lodha Park,"Pandurang Budhkar Marg, next to Shree Simandhar Swami Jain Temple, Worli, Mumbai, Maharashtra 400018",022 5006 1126,https://www.lodhagroup.com/projects/residential-property-in-worli/lodha-park?publisher=Google-lodha-park-Organic-RI&campaign=Organic-Search&adgroup=lodha-park-GMB&digital_source=GMB-ClickLink&digital_medium=Unpaid&banner_size=GMB-ClickLink&utm_source=Google&utm_medium=Unpaid&utm_campaign=lodha-park-GMB&utm_content=GMB-Listing&utm_creative_format=GMB-Listing&utm_marketing_tactic=prospecting,N/A
Lodha Venezia,"Pandurang Budhkar Marg, next to Shree Simandhar Swami Jain Temple, Worli, Mumbai, Maharashtra 400018",022 5006 1126,https://www.lodhagroup.com/projects/residential-property-in-worli/lodha-park?publisher=Google-lodha-park-Organic-RI&campaign=Organic-Search&adgroup=lodha-park-GMB&digital_source=GMB-ClickLink&digital_medium=Unpaid&banner_size=GMB-ClickLink&utm_source=Google&utm_medium=Unpaid&utm_campaign=lodha-park-GMB&utm_content=GMB-Listing&utm_creative_format=GMB-Listing&utm_marketing_tactic=prospecting,N/A
Lodha Bannerghatta Road,"Queen gate, Akshaya Vana, Akshayanagar, Bengaluru, Karnataka 560114",N/A,https://www.lodhaliving.com/projects/lodha-azur-bannerghatta-road,N/A
Lodha Group,"53PR+RP8 Lodha Palava, Kalyan - Shilphata Rd, Bhadra Nagar, Usarghar Gaon, Dombivli, Maharashtra 421204",022 4897 4838,N/A,N/A
Lodha Meridian,"LODHA MERIDIAN, KPHB 5th Phase Rd, Kukatpally Housing Board Colony, Kukatpally, Hyderabad, Telangana 500085",N/A,http://www.lodhagroup.com/meridian/,N/A
Lodha Excelus,"Apollo Mills Compound, NM Joshi Marg, Mahalakshmi, Mumbai, Maharashtra 400011",022 6133 4400,https://www.lodhagroup.com/projects/commercial-property-in-mumbai/lodha-excelus?publisher=Google-lodha-excelus-Organic-RI&campaign=Organic-Search&adgroup=lodha-excelus-GMB&digital_source=GMB-ClickLink&digital_medium=Unpaid&banner_size=GMB-ClickLink&utm_source=Google&utm_medium=Unpaid&utm_campaign=lodha-excelus-GMB&utm_content=GMB-Listing&utm_creative_format=GMB-Listing&utm_marketing_tactic=prospecting,N/A
Lodha Upper Thane,"Apollo Mills Compound, NM Joshi Marg, Mahalakshmi, Mumbai, Maharashtra 400011",022 6133 4400,https://www.lodhagroup.com/projects/commercial-property-in-mumbai/lodha-excelus?publisher=Google-lodha-excelus-Organic-RI&campaign=Organic-Search&adgroup=lodha-excelus-GMB&digital_source=GMB-ClickLink&digital_medium=Unpaid&banner_size=GMB-ClickLink&utm_source=Google&utm_medium=Unpaid&utm_campaign=lodha-excelus-GMB&utm_content=GMB-Listing&utm_creative_format=GMB-Listing&utm_marketing_tactic=prospecting,N/A
Lodha Haven,"VMQF+96P, Silver County Rd, KSRP Campus, Choodasandra, Bengaluru, Karnataka 560068",N/A,https://www.lodhagroup.com/projects/residential-property-in-bangalore/lodha-haven-hosa-road?publisher=Google-lodha-haven-hosa-road-Organic-RI&campaign=Organic-Search&adgroup=lodha-haven-hosa-road-GMB&digital_source=GMB-ClickLink&digital_medium=Unpaid&banner_size=GMB-ClickLink&utm_source=Google&utm_medium=Unpaid&utm_campaign=lodha-haven-hosa-road-GMB&utm_content=GMB-Listing&utm_creative_format=GMB-Listing&utm_marketing_tactic=prospecting,N/A
Lodha HSR Extension,"Hosa Rd, Choodasandra, Bengaluru, Karnataka 560099",N/A,https://lodhahsr.in/,N/A
Lodha Grandezza,"Lodha Grandezza, Road No.22,, Wagle Estate, Opp. LBS Marg,, Thane, Maharashtra 400604",022 6773 7373,https://www.lodhagroup.com/residential-projects-in-thane?publisher=Google-lodha-grandezza-Organic-RI&campaign=Organic-Search&adgroup=lodha-grandezza-GMB&digital_source=GMB-ClickLink&digital_medium=Unpaid&banner_size=GMB-ClickLink&utm_source=Google&utm_medium=Unpaid&utm_campaign=lodha-grandezza-GMB&utm_content=GMB-Listing&utm_creative_format=GMB-Listing&utm_marketing_tactic=prospecting,N/A
"Godrej Palm Grove, Chennai","Vani Nagar, Venkata Subramanya Nagar, Chennai, Tamil Nadu 600087",082878 82878,https://godrejproperties.com/chennai/residential/godrej-palm-grove/landingpage?utm_source=Googlelisting&utm_medium=Organic,N/A
"Godrej Azure, Chennai","O.M.R, Padur, Tamil Nadu 603103",082878 82878,https://www.godrejproperties.com/chennai/residential/godrej-azure/landingpage?utm_source=Googlelisting&utm_medium=Organic,N/A
"Godrej Sunrise Estate, Oragadam, Chennai","Ezhichur Village, Sriperumbudur, Chennai, Tamil Nadu 602118",091725 29897,https://www.godrejproperties.com/chennai/residential/godrej-sunrise-estate,N/A
OBERAI PROPERTY DEVELOPERS,"7, 5th East Side St, Thiruvalluvar Nagar, Thirumullaivoyal, Chennai, Tamil Nadu 600062",099403 63012,https://oberaipropertydevelopers.com/,N/A
Oberoi Realty Limited,"Oberoi Garden City, 3rd Floor, International Business Park, off Western Express Highway, Goregaon, Mumbai, Maharashtra 400063",022 6677 3333,https://www.oberoirealty.com/,N/A
Rustomjee Urbania,"Eastern Express Hwy, Majiwada, Junction, Thane West, Mumbai, Maharashtra 400601",022 6111 6186,https://www.rustomjee.com/residential-property/rustomjee-urbania-thane/,N/A
Rustomjee thane,"Ashar millenia, 206, Wonder Mall, next to Vihang inn hotel, opp. cine, Kapurbawdi, Thane West, Thane, Maharashtra 400607",N/A,https://www.rustomjee.com/residential-property/rustomjee-urbania-thane/,N/A
Rustomjee Seasons,"Nanasaheb Dharmadhikari Rd, near MIG Colony, Kala Nagar, Bandra East, Mumbai, Maharashtra 400051",022 6111 6182,https://www.rustomjee.com/residential-property/rustomjee-seasons-bandra-bkc/,N/A
Rustomjee Parishram,"40, Nargis Dutt Rd, Pali Hill, Mumbai, Maharashtra 400050",N/A,https://www.rustomjee.com/residential-property/rustomjee-parishram-bandra-pali-hill/,N/A
Rustomjee Elita,"Rustomjee Elita, D.N.Nagar, Andheri West, Mumbai, Maharashtra 400053",022 6676 6888,https://www.rustomjee.com/residential-property/rustomjee-elita-juhu/,N/A
Rustomjee Elements,"Off Juhu Circle, New Link Rd, opp. The Club, New D. N. Nagar, Mumbai, Maharashtra 400053",022 6111 6111,https://www.rustomjee.com/residential-property/rustomjee-elements-juhu/,N/A
Rustomjee Summit,"Off Juhu Circle, New Link Rd, opp. The Club, New D. N. Nagar, Mumbai, Maharashtra 400053",022 6111 6111,https://www.rustomjee.com/residential-property/rustomjee-elements-juhu/,N/A
Rustomjee Meridian,"no 1, 5RXV+W2H Patil Compound, off, Mahatma Gandhi Rd, opposite RUSTOMJEE MERIDIAN, Kandivali, Charkop, Charkop Gaon, Kandivali West, Mumbai, Maharashtra 400067",022 6111 6111,https://www.rustomjee.com/projects-in-mumbai,N/A
Rustomjee Athena,"Athena A Wing, Pipeline Road, National Highway 3, Sainath Nagar, Majiwada, Thane, Maharashtra 400601",022 6111 6111,http://www.rustomjee.com/,N/A
Rustomjee Azziano,"Athena A Wing, Pipeline Road, National Highway 3, Sainath Nagar, Majiwada, Thane, Maharashtra 400601",022 6111 6111,http://www.rustomjee.com/,N/A
Rustomjee Azziano L WING,"Thane West, Thane, Maharashtra 400601",022 6111 6111,https://www.rustomjee.com/rustomjee-urbania-property-in-thane/overview,N/A
Rustomjee La Vie,"Eastern Express Highway, Majiwada, Thane, West, Mumbai, Maharashtra 400601",N/A,N/A,N/A
Rustomjee Central Park Business Spaces,"Andheri - Kurla Rd, Chakala, Andheri East, Mumbai, Maharashtra 400093",022 6111 6111,https://www.rustomjee.com/commercial-property/rustomjee-central-park-business-spaces-andheri/,N/A
Rustomjee Crown,"Gokhale Rd S, Prabhadevi, Mumbai, Maharashtra 400025",022 6111 6111,https://www.rustomjee.com/residential-property/rustomjee-crown-prabhadevi/,N/A
Rustomjee Bella,"1, PLOT NO.279, 280, 280/1, 281A/1, Off, Lal Bahadur Shastri Marg, opp. Modi Hyundai Service Centre, Bhandup West, Mumbai, Maharashtra 400078",022 6111 6111,https://www.rustomjee.com/residential-property/rustomjee-bella-bhandup,N/A
Rustomjee Reserve,"Rustomjee Reserve, Rangnath Keskar Marg, Jaywant Sawant Marg, next to BMC Building, Dahisar West, Mumbai, Maharashtra 400068",N/A,https://www.rustomjeereserve.co.in/,N/A
Rustomjee Paramount,"18th Rd, Vithaldas Nagar, Khar West, Mumbai, Maharashtra 400054",N/A,https://www.rustomjee.com/residential-property/rustomjee-paramount-khar/,N/A
"Rustomjee Royale CHS,JSRoad,Dahisar West","Rustomjee Royale, Jaywant Sawant Marg, Dahisar West, Mumbai, Maharashtra 400068",N/A,N/A,N/A
Rustomjee Yazarina III,"Rustomjee Yazarina, Rd Number 5, Dadar Parsi Colony, Dadar East, Dadar, Mumbai, Maharashtra 400014",022 6111 6111,https://www.rustomjee.com/residential-property/rustomjee-yazarina-dadar/,N/A
Rustomjee Erika,"BUILDING NO. 15, Kher Nagar Rd Number 6, Kherwadi, Bandra East, Mumbai, Maharashtra 400051",022 6111 6111,https://www.rustomjee.com/residential-property/rustomjee-erika-khernagar/,N/A
Rustomjee Pinnacle,"Rustomjee Pinnacle, 5, Dattapada Rd, MIG Colony, Borivali East, Mumbai, Maharashtra 400066",N/A,N/A,N/A
Rustomjee Residency,"6VR4+CV3, Rustom Irani Marg, Dahisar West, Mumbai, Maharashtra 400068",N/A,N/A,N/A
"Rustomjee Elanza,","5RGM+6JF, near In orbit mall, Malad, Ram Nagar, Malad West, Mumbai, Maharashtra 400064",N/A,N/A,N/A
Rustomjee Regal,"6VV4+5WF Rustomjee Regal CHS, Jaywant Sawant Marg, near Rustomjee Cambridge International School, Dahisar West, Leo Peter Wadi, Dahisar West, Mumbai, Maharashtra 400068",N/A,N/A,N/A
Rustomjee Uptown Urbania,"Eastern Express Highway Majiwada Junction Thane, W, Mumbai, Maharashtra 400601",N/A,https://www.rustomjee.com/residential-property/rustomjee-verdant-vistas,N/A
"Rustomjee Uptown Urbania , 'La Familia'","6X6Q+XM, Laxmi Nagar, Balkum Pada, Majiwada, Thane, Maharashtra 400601",N/A,N/A,N/A
"Rustomjee Atelier A,B,C & D","Off Eastern Express Highway, Near Saket Complex, Majiwada, Junction, Thane West, Thane, Maharashtra 400601",N/A,N/A,N/A
Rustomjee Cleon,"3R6X+4H6, Kalamandir Chowk, Siddharth Nagar, Bandra East, Mumbai, Maharashtra 400051",022 6111 6194,https://www.rustomjee.com/residential-property/rustomjee-cleon-bkc/,N/A
Rustomjee Apartment,"3R6X+4H6, Kalamandir Chowk, Siddharth Nagar, Bandra East, Mumbai, Maharashtra 400051",022 6111 6194,https://www.rustomjee.com/residential-property/rustomjee-cleon-bkc/,N/A
Rustomjee Ashiana,"Plot No 6, N S Rd Number 10, Gulmohar Road, JVPD Scheme, Juhu, Mumbai, Maharashtra 400049",022 6111 6111,https://www.rustomjee.com/residential-property/rustomjee-ashiana-juhu/,N/A
Rustomjee Aurelia,"Unnamed Road, Thane West, Thane, Maharashtra 400601",N/A,N/A,N/A
Rustomjee Society,"B Wing, SV Rd, Leo Peter Wadi, Borivali West, Mumbai, Maharashtra 400068",N/A,http://www.rustomjee.com/,N/A
Rustomjee Aden,"Nanasaheb Dharmadhikari Rd, MIG Colony, Bandra East, Mumbai, Maharashtra 400051",082919 68662,https://www.rustomjee.com/residential-property/rustomjee-aden-bandra-bkc/,N/A
Rustomjee Oriana,"Nanasaheb Dharmadhikari Rd, MIG Colony, Bandra East, Mumbai, Maharashtra 400051",082919 68662,https://www.rustomjee.com/residential-property/rustomjee-aden-bandra-bkc/,N/A
Rustomjee Atelier D-Wing,"Rustomjee Block-D, 61, Phase II, Vrindavan Society, Thane West, Thane, Maharashtra 400601",N/A,N/A,N/A
Rustomjee Seasons F - Wing,"Rustomjee Seasons A Wing, B-58, Nanasaheb Dharmadhikari Rd, MIG Colony, Bandra East, Mumbai, Maharashtra 400051",N/A,N/A,N/A
Rustomjee Stella,"Building No.31, Rd Number 7, Kherwadi, Bandra East, Mumbai, Maharashtra 400051",N/A,https://www.rustomjee.com/residential-property/rustomjee-stella-bandra/,N/A
Rustomjee Acura ABCD & E wing,"Acura, Rustomjee Acura, Rustomjee Urbania, C 703, Eastern Express Hwy, near Majiwada Road, Thane West, Thane, Maharashtra 400601",N/A,N/A,N/A
RUSTOMJEE ADARSH REGAL B,"Adarsh Dairy Rd, Malad, Adarsh Dugdhalaya, Dominic Colony, Malad West, Mumbai, Maharashtra 400064",N/A,N/A,N/A
Rustomjee 7 JVPD,"4R6J+23F, Nutan Laxmi Society, JVPD Scheme, Juhu, Mumbai, Maharashtra 400049",N/A,N/A,N/A
RUSTOMJEE AZZIANO K WING,"Shop No. 32 , 1ST FLOOR, RUSTOMJEE AZZIANO, K - Wing, Majiwada, Thane, Maharashtra 400601",090761 49111,N/A,N/A
Rustomjee Urbania K Wing,"Rustomjee Urbania, NH 3, Thane West, Thane, Maharashtra 400601",N/A,N/A,N/A
Rustomjee Aspiree,"2VXG+MVP Bajaj Electricals Limited, near Everard Nagar, GTB Nagar, Lalbaug, Everard Nagar, Sion, Mumbai, Maharashtra 400022",N/A,N/A,N/A
Rustomjee Astraea,"804, Sainath Nagar, Majiwada, Thane, Maharashtra 400601",N/A,http://www.rustomjeeurbania-thane.in/,N/A
Natraj By Rustomjee,"702 Western Express Highway, Sir Mathuradas Vasanji Rd, Junction, Mumbai, Maharashtra 400069",022 6676 6888,http://www.rustomjee.com/,N/A
Rustomjee Sangam Building,"702 Western Express Highway, Sir Mathuradas Vasanji Rd, Junction, Mumbai, Maharashtra 400069",022 6676 6888,http://www.rustomjee.com/,N/A
"Hiranandani Parks, Oragadam, Chennai","Singaperumal - Oragadam Highway, Thriveni Nagar Vadakkupattu, Village, Oragadam, Tamil Nadu 603204",044 4627 3030,https://www.hiranandaniparks.com/,N/A
House of Hiranandani Admin and Engineering Office,"HIRANANDANI BRIDGEWOOD, 5/63 Old Mahapalipuram Road, Opp Sipcot IT Park, Egattur Village, Padur P.O., Kelambakkam, via Kanchipuram Dist, Chennai, Tamil Nadu 600130",044 3994 2800,http://www.houseofhiranandani.com/Chennai,N/A
"House of Hiranandani - Brentwood, Egattur","5/63, Brentwood, Old Mahapalipuram Road, Opp Sipcot IT Park, Egattur Village Padur P.O., Kelambakkam, via, Chennai, Tamil Nadu 600130",044 6694 9026,http://www.houseofhiranandani.com/chennai/egattur-omr/brentwood,N/A
Nestle India Ltd.new Hiranandani Industrial Parks,"44/1A, Periyapalayam High Road, Alinjivakkam village Ponneri, Taluk, Chennai, Tamil Nadu 600067",075500 78994,https://hiranandaniindustrialparks.com/,N/A
Nestle India Ltd.new Hiranandani Industrial Parks,"44/1A, Periyapalayam High Road, Alinjivakkam village Ponneri, Taluk, Chennai, Tamil Nadu 600067",075500 78994,https://hiranandaniindustrialparks.com/,N/A
Shapoorji Pallonji (Engineering and Construction),"7th Floor, KG360 Business IT Park, Thiruvengadam Nagar, Perungudi, Chennai, Tamil Nadu 600096",N/A,https://www.shapoorjipallonji.com/company/SPEngineeringAndConstruction,N/A
Shapoorji pallonji technical services,"ELECTRICAL & ELECTRONICS KHIVRAJ BUILDING, NO: 6, Second floor, MARUTHI SUZUKI SHOWROOM, Industrial Estate, Perungudi, Chennai, Tamil Nadu 600096",N/A,N/A,N/A
"Shapoorji Pallonji And Co.Pvt Ltd, Ware House","V3R8+RW6, Mannivakkam, Tamil Nadu 600048",N/A,https://www.shapoorjipallonji.com/,N/A
Shapoorji Pallonji Real Estate,"41, SP Centre, 44, Minoo Desai Rd, Colaba, Mumbai, Maharashtra 400005",022 6749 0000,https://shapoorjirealestate.com/,N/A
Shapoorji Pallonji Real Estate,"41, SP Centre, 44, Minoo Desai Rd, Colaba, Mumbai, Maharashtra 400005",022 6749 0000,https://shapoorjirealestate.com/,N/A
Prestige Palladium Bayan,"129, 140, Greams Rd, Thousand Lights West, Thousand Lights, Chennai, Tamil Nadu 600006",N/A,N/A,N/A
Prestige Downtown,"PRESTIGE DOWNTOWN, 17, Vembuliamman Koil St, Vetri Nagar, New Bangaru Colony, Lambert Nagar, K. K. Nagar, Chennai, Tamil Nadu 600078",N/A,https://www.prestigeconstructions.com/,N/A
Prestige Zackria Metropolitan,"5th floor, TOWER-1, Prestige zackria metropolitan, Anna Salai, Thousand Lights, Chennai, Tamil Nadu 600002",095058 24010,https://symbyontsmartspaces.com/,N/A
Yuga Kalpataru Apartment,"Padi Kuppam, Koyambedu, Chennai, Tamil Nadu 600107",N/A,N/A,N/A
Kalpataru apartment,"188/84, 188/84, Avadhanam Pappa Rd, Choolai, Chennai, Tamil Nadu 600112",N/A,N/A,N/A
"Kalpataru Apartment, Alcarity","Kumaran Colony Main Road, Thangal karai, Dharan Singh Colony, Vadapalani, Chennai, Tamil Nadu 600026",N/A,N/A,N/A
Kalpataru Apartments,"28-55, Seethammal Rd, Seethammal Colony, Lubdhi Colony, Alwarpet, Chennai, Tamil Nadu 600086",N/A,N/A,N/A
Kalpu house,"12/16, New Natarajapuram Road, Colony, Aminjikarai, Chennai, Tamil Nadu 600106",N/A,N/A,N/A
Kalpataru Tours India Private Limited,"87, Santhome High Road, Mandaveli, Mandaveli, Chennai, Tamil Nadu 600028",044 2493 7391,N/A,N/A
Kalpataru Packaging,"Metro Station, Old No.45, New, No.4, Buddi St, near Mannadi, Maskan Chavadi, Chennai, Tamil Nadu 600001",098407 85119,N/A,N/A
MM's Kalpataru| Golden house,"37/3, Old, 64/3, 4th St, Kasi Estate, West Jafferkhanpet, Chennai, Tamil Nadu 600083",081229 93333,N/A,N/A
KALPATARU COMPLEX,"18, CP Ramaswamy Iyer Rd, Sriram Colony, Alwarpet, Chennai, Tamil Nadu 600018",N/A,N/A,N/A
Kalpataru- The House of Homoeopathy,"16, Srinivasa Reddy St, T Nagar, Kannammapet, CIT Nagar, Chennai, Tamil Nadu 600017",099404 70444,N/A,N/A
Kalpataru Global Alloys P Ltd,"No: 6, Chandrappa Mudali Street, Opp Elephant Gate Police Station, Sowcarpet, Chennai, Tamil Nadu 600001",087545 30570,N/A,N/A
Kalpatharu Apartments,"23, Postal Colony 2nd St, Postal Colony, West Mambalam, Chennai, Tamil Nadu 600033",N/A,N/A,N/A
Yuga Kalpataru apartment,"23, Postal Colony 2nd St, Postal Colony, West Mambalam, Chennai, Tamil Nadu 600033",N/A,N/A,N/A
Kalpataru apartments,"20, 46, 4th Main Rd, Raja Annamalai Puram, Chennai, Tamil Nadu 600028",N/A,N/A,N/A
Kalpataru Industrial Needs,"101A, Railway Station Rd, near Tiny Sector, Periyar Nagar, Kasturi Nagar, Korattur, Chennai, Tamil Nadu 600080",093611 44848,http://www.kalpataruindustrialneeds.com/,N/A
PUSHKAR'S KALPATARU,"101A, Railway Station Rd, near Tiny Sector, Periyar Nagar, Kasturi Nagar, Korattur, Chennai, Tamil Nadu 600080",093611 44848,http://www.kalpataruindustrialneeds.com/,N/A
Kalptaru Industries,"Survey No. 30/2, Toll Gate, near Perumal temple, near space and style interior, Chettiyar Agaram, Porur, Chennai, Adayalampattu, Tamil Nadu 600077",080 4896 1840,http://www.kalptaruindustries.in/,N/A
Kalpataru Education and Empowerment Tust,"26XR+M3P, Thirumalai Pillai Rd, Rama Kamath Puram, T. Nagar, Chennai, Tamil Nadu 600017",N/A,N/A,N/A
Ramaniyam Kalpataru,"26R6+XVH, 19th Ave, Sector 10, Sivalingapuram, Ashok Nagar, Chennai, Tamil Nadu 600083",N/A,http://www.ramaniyam.com/,N/A
MM KALPATARU,"X695+H3F, Cauvery St, Puludivakkam, Annai Theresa Nagar, Madipakkam, Chennai, Tamil Nadu 600091",N/A,N/A,N/A
KALPATHARU CHEMICALS,"PLOT NO. 9A, CAMP, NO. 12, AMBATTUR, Ambattur Red Hills Rd, near POPPILI RAJA GOVERNMENT SCHOOL, Puzhal, Chennai, Tamil Nadu 600066",044 2659 0888,https://www.kalpatharuchemicals.com/,N/A
KALPTARU ENTERPRISE,"No.7, Telegraph Abboy Street, Kondithope, George Town, Chennai, Tamil Nadu 600001",073970 98708,N/A,N/A
Nahar Kalpataru,"25/12, Dr Radhakrishna Nagar Main Rd, L.I.C Colony, Adyar, Chennai, Tamil Nadu 600041",N/A,N/A,N/A
Kalpataru Polysters,"21, 4th Street, Kodungaiyur, Venkateswara Colony, Madhavaram Milk Colony, Chennai, 600118",N/A,N/A,N/A
Kalpataru Labour camp,"35FC+6CR, Nolambur, Chinna Nolambur, Chennai, Tamil Nadu 600095",N/A,N/A,N/A
"H block, Wing 1, Yuga Kalpataru Apartment","Block-K, YUGA KALPATARU APARTMENT, Padi Kuppam, Koyambedu, Chennai, Tamil Nadu 600107",N/A,N/A,N/A
Kalpatharu Apartment,"5, 4th Main Rd, Dhandeeswaram, Velachery, Chennai, Tamil Nadu 600042",N/A,N/A,N/A
Kalpataru,"Thiruvalluvar Nagar, Thiruvanmiyur, Chennai, Tamil Nadu 600041",N/A,N/A,N/A
Sri Hari Developers- Project Kalpataru,"Plot No.10, Anna St, Vivekananda Nagar,, Vivekananda Nagar, TNHB Mig V Block, Avadi, Tamil Nadu 600054",N/A,http://www.sriharidevelopers.co.in/,N/A
"H block, Wing II, Yuga Kalpataru Apartments","YUGA KALPATARU APARTMENT, 76, Anna St, Padi Kuppam, Koyambedu, Chennai, Tamil Nadu 600107",N/A,N/A,N/A
Kalpataru Health Initiatives,"No.14, 2nd Floor Door No.31/14, Saena Circle, 31, Duraisamy St, Tirumurthy Nagar, T. Nagar, Chennai, Tamil Nadu 600001",N/A,N/A,N/A
Kalpataru Spices And Dry Fruits,"111, 55, Varadha Muthiyappan St, Sowcarpet, Kothwal Chavadi, George Town, Chennai, Tamil Nadu 600001",091765 88730,N/A,N/A
Kalpataru Arts And Crafts,"111, 55, Varadha Muthiyappan St, Sowcarpet, Kothwal Chavadi, George Town, Chennai, Tamil Nadu 600001",091765 88730,N/A,N/A
Kalidoss Home,"YUGA KALPATARU APARTMENT, Padi Kuppam, Koyambedu, Chennai, Tamil Nadu 600107",N/A,N/A,N/A
"Kalpataru, Balasubramanian Home","21/9, Ganesh Nagar, Iyappa Nagar, Keelkattalai, Chennai, Tamil Nadu 600091",N/A,N/A,N/A
Kalpatharu,"81, 2nd Street, Balajinagar, Alwartirunagar, Chennai, Tamil Nadu 600087",N/A,N/A,N/A
P Senthil Kumar,"H Block, YUGA KALPATARU APARTMENT, Pillaiyar Koil St, Padi Kuppam, Koyambedu, Chennai, Tamil Nadu 600107",N/A,N/A,N/A
Kalpataru Working women's Hostel,"3, Main Rd, 1st mandhoppu, Elim Nagar, Perungudi, Chennai, Tamil Nadu 600096",N/A,N/A,N/A
Amman Kalpataru,"X624+V5C, 8th Main Rd, Ram Nagar South Extension, LIC Nagar, Alaiamman Nagar, Madipakkam, Chennai, Tamil Nadu 600100",N/A,N/A,N/A
Deccan Kalpataru,"School, 1st Main Rd, Sholinganallur, Chennai, Tamil Nadu 600119",044 4207 7111,http://www.deccan.co.in/,N/A
KALPATARU NATURALS,"School, 1st Main Rd, Sholinganallur, Chennai, Tamil Nadu 600119",044 4207 7111,http://www.deccan.co.in/,N/A
Kalpataru Royale Apartment,"Royale Lane, 40/1A5A, Vignarajapuram 6th Extension Rd, Santhosapuram, Medavakkam, Chennai, Tamil Nadu 600073",099620 88072,N/A,N/A
Kalpataru Parking Yard,"65F8+FJ7, Cholavaram, Tamil Nadu 600067",094440 99779,http://www.kalpataru.com/,N/A
Kalpatharu Agencies,"65F8+FJ7, Cholavaram, Tamil Nadu 600067",094440 99779,http://www.kalpataru.com/,N/A
Karthik Real Estates,"No.18, Solai St, Palaiyam Nagar, Ayanavaram, Chennai, Tamil Nadu 600023",N/A,N/A,N/A
CHENNAI PROPERTY SERVICE - Channel Partners Of Leading Builders,"3rd floor, No 1, 6th Main Rd, opposite to Ayyappan Temple, Y Block, Anna Nagar, Chennai, Tamil Nadu 600040",096000 51444,N/A,N/A
My Property Boutique Private Limited Real Estate,"S -38 phase, Spencer Plaza Mall, 2, 2nd St, Anna Salai, Royapettah, Chennai, Tamil Nadu 600002",098846 40673,http://www.mypropertyboutique.com/,N/A
Jain Estates,"2 /3, 8th Cross St W, West, Shenoy Nagar, Chennai, Tamil Nadu 600030",N/A,http://www.jainestates.com/,N/A
Evrnest Vista Associate,"Flat No. 3, K V Apartments, 16A, Poes Garden, 2nd floor, Chennai, Tamil Nadu 600086",099520 70767,https://www.evrnest.in/,N/A
CitySide,"No.12A, Karuneegar St, Pallavan Nagar, Nerkundram, Chennai, Tamil Nadu 600107",N/A,https://cityside.in/,N/A
propertykart,"No.50, 117, Medavakkam Tank Rd, A K Swamy Nagar, Kilpauk, Chennai, Tamil Nadu 600012",N/A,N/A,N/A
JK Property Management and Realty services,"2/674, Nakkeeran Salai, Dudhiya, J J Nagar, Mogappair East, Chennai, Tamil Nadu 600037",098409 90509,https://jkpropertymanagement.co.in/,N/A
Pincoded Real Estate Services,"511, Shivalaya Building, 171, Ethiraj Salai, above Sangeetha hotel, Egmore, Chennai, Tamil Nadu 600008",098849 97500,http://www.pincoded.com/,N/A
"Elite Realtors - RERA Registered Real Estate Agent in Chennai & Property Consultant in Anna nagar, Chennai","511, Shivalaya Building, 171, Ethiraj Salai, above Sangeetha hotel, Egmore, Chennai, Tamil Nadu 600008",098849 97500,http://www.pincoded.com/,N/A
Nippon India Mutual Fund,"2nd Floor, 52/8, N Boag Rd, Lakshimi Colony, T. Nagar, Chennai, Tamil Nadu 600017",1860 266 0111,https://mf.nipponindiaim.com/,N/A
Wealth India Financial Services Pvt. Ltd (FundsIndia),"3rd Floor, IndiQube Wave, 438/1, Sundaram Ave, T.R, Anna Salai, Thousand Lights, Chennai, Tamil Nadu 600006",044 6110 4100,https://www.fundsindia.com/,N/A
Geojit Financial Services Ltd,"Chintamani, C/60, 1st Ave, C Block, Annanagar East, Chennai, Tamil Nadu 600030",098400 99974,https://branch.geojit.com/geojit-financial-services-ltd-investment-services-anna-nagar-east-chennai-287192/Home?utm_source=locator&utm_medium=googleplaces,N/A
KNV Capital Services Private Limited..,"Chintamani, C/60, 1st Ave, C Block, Annanagar East, Chennai, Tamil Nadu 600030",098400 99974,https://branch.geojit.com/geojit-financial-services-ltd-investment-services-anna-nagar-east-chennai-287192/Home?utm_source=locator&utm_medium=googleplaces,N/A
Rajam Property Management Services Pvt Ltd,"2nd floor, Twin Towers, No. 305E, Alwarpet, Chennai, Tamil Nadu 600004",072999 14181,https://rajamproperty.com/,N/A
Propertism Realty Advisors LLP,"3rd Floor, SSR Pankajam towers, 30, Arunachalam Rd, Saligramam, Chennai, Tamil Nadu 600093",086670 20798,http://www.propertism.com/,N/A
"ASR Associates - Commercial Office Space, Factory, Warehouse, for lease & Re-Sale Properties to buy & Sell in Chennai","3rd Floor, SSR Pankajam towers, 30, Arunachalam Rd, Saligramam, Chennai, Tamil Nadu 600093",086670 20798,http://www.propertism.com/,N/A
Prosperty Real Estate,"Level 1& 2, AP 676, Q Block 15th St, H Block, Anna Nagar West, Anna Nagar, Chennai, Tamil Nadu 600040",095000 13446,http://www.prospertyrealestate.com/,N/A
DAKSHIN CAPITAL PRIVATE LIMITED,"Flat FB, First Floor, Abhirami Karpaga Vilas, W 580/6, School Rd, opp. SBOA SCHOOL, D-Sector, Anna Nagar West Extension, Chennai, Tamil Nadu 600101",044 4202 3300,https://www.dakshincapital.com/,N/A
Fortune Investment Services Private Limited,"Shri Mahalakshmi, Ground Floor New No. 6,Third street, Habibullah Rd, near Nadigar Sangam, Chennai, Tamil Nadu 600017",098842 34686,http://www.fortuneinvestment.in/,N/A
Bonte Land Banking Associates,"2nd floor, 2A, Gopathi Narayanaswami Chetty Rd, T. Nagar, Chennai, Tamil Nadu 600017",075581 64624,https://bonte.co.in/,N/A
Evrnest Vista Associate,"2nd floor, 2A, Gopathi Narayanaswami Chetty Rd, T. Nagar, Chennai, Tamil Nadu 600017",075581 64624,https://bonte.co.in/,N/A
CHENNAI PROPERTY SERVICE - Channel Partners Of Leading Builders,"3rd floor, No 1, 6th Main Rd, opposite to Ayyappan Temple, Y Block, Anna Nagar, Chennai, Tamil Nadu 600040",096000 51444,N/A,N/A
5AM BICYCLE STUDIO Premium Bike Shop & Service,"No 8, 10th St, Block M, Annanagar East, Chennai, Tamil Nadu 600102",098419 73240,http://www.5ambicyclestudio.com/,N/A
Jain Estates,"2 /3, 8th Cross St W, West, Shenoy Nagar, Chennai, Tamil Nadu 600030",N/A,http://www.jainestates.com/,N/A
"ASR Associates - Commercial Office Space, Factory, Warehouse, for lease & Re-Sale Properties to buy & Sell in Chennai","57/22, 1st Floor, Kavarai St, West Mambalam, Chennai, Tamil Nadu 600033",095001 79577,http://www.rentorsale.in/,N/A
East India Chambers - Commercial office space for rent,"7, Valluvar Kottam High Rd, Subba Road Avenue, Nungambakkam, Chennai, Tamil Nadu 600034",N/A,N/A,N/A
Commercial Space Mogappair,"2/40, Kalamegam Salai, Mogappair West, Ambattur Industrial Estate, Chennai, Tamil Nadu 600037",N/A,N/A,N/A
Madras Commercial Space,"Madras Commercial Space, The Executive Zone, Shakti Tower - 1 Thousand Lights Metro Station 766, Anna Salai Next to Spencer's Plaza, Chennai, Tamil Nadu 600002",073051 67339,N/A,N/A
"Spaces - Chennai, Express Avenue","EA Chambers, Whites Rd, Tower II, Royapettah, Chennai, Tamil Nadu 600014",044 6628 2200,https://www.spacesworks.com/chennai/express-avenue?utm_source=google_uberall&utm_medium=places&utm_campaign=uberall&utm_content=uberall,N/A
The Next Office,"C-72, 1st Main Rd, C Block, Annanagar East, Chennai, Tamil Nadu 600102",091766 13243,N/A,N/A
Priyadarshini Spaces,"#1447, 15th Main Rd, H Block, Anna Nagar West, Anna Nagar, Chennai, Tamil Nadu 600040",N/A,http://priyadarshinispaces.com/,N/A
COMMERCIAL SPACE FOR RENT,"W6R6+Q9M, Kamakoti Nagar, Pallikaranai, Chennai, Tamil Nadu 600100",072999 66956,N/A,N/A
Senate Space,"W-126, 3rd Floor, 3rd Ave, Anna Nagar, Chennai, Tamil Nadu 600040",099406 87628,https://senatespace.com/,N/A
Crizone Business Centre | Coworking Space in Chennai - Mogappair,"1/694, Valayapathi Salai, Block 5, Mogappair East, Chennai, Tamil Nadu 600037",097908 29711,http://crizone.com/,N/A
Office Space Provider,"Phase 3, 2nd Floor, Spencer Plaza Mall, S101, Anna Salai, Chennai, Tamil Nadu 600002",081483 83856,https://officespaceprovider.com/,N/A
Commercial Space,"W5XX+3G4, Viduthalai Nagar 1st Main Rd, S. Kolathur, S.Kolathur, Viduthalai Nagar, Kovilambakkam, Chennai, Tamil Nadu 600117",099414 70077,N/A,N/A
Shared Office Nandambakkam,"Tulasingapuram, Nandambakkam, Chennai, Tamil Nadu 600089",N/A,N/A,N/A
The Executive Centre - Tamarai Tech Park | Coworking Space & Private Offices Rental,"Level 5, Tamarai Tech Park S.P. Plot No.16-19 & 20-A, Jawaharlal Nehru Salai, Thiru Vi Ka Industrial Estate, Guindy, Chennai, Tamil Nadu 600032",044 4065 2525,https://www.executivecentre.com/en-in/office-space/chennai-tamarai-tech-park/?utm_campaign=gmb-listing,N/A
CDS Workspro,"333, Thiruvalluvar Salai, Paneer Nagar, Mogappair East, Chennai, Tamil Nadu 600037",073050 08885,https://workspro.in/,N/A
Jain Estates,"333, Thiruvalluvar Salai, Paneer Nagar, Mogappair East, Chennai, Tamil Nadu 600037",073050 08885,https://workspro.in/,N/A
Financial Feathers | Best Investment & Wealth Management Company in Chennai,"No.3, ""C"" Block, 1st Floor, 9th Street, 1st Main Rd, Shenoy Nagar West, Chennai, Tamil Nadu 600030",098846 35422,N/A,N/A
Tamilnadu NRI Legal Services,"105/51 1 ST, ARMENIAN STREET, FLOOR, George Town, Chennai, Tamil Nadu 600001",07397 320 417,https://www.tamilnadunrilegalservices.com/?utm_source=google&utm_medium=wix_google_business_profile&utm_campaign=9371568760112642369,N/A
Legacy NRI Law Firm [Best Lawyers for Non Resident Indians Legal Services],"D2, 2nd Floor, 8/13, Bharathi Salai, Mogappair West, Ambattur Industrial Estate, Chennai, Tamil Nadu 600037",N/A,https://www.nriadvocates.com/,N/A
Bull$Bear - (Channel Partner-AngleOne),"Plot No, Door No.29, Amrithavarshini Apartments, 48, Vellala St, Ayanavaram, Chennai, Tamil Nadu 600023",098403 72654,N/A,N/A
CHENNAI PROPERTY SERVICE - Channel Partners Of Leading Builders,"3rd floor, No 1, 6th Main Rd, opposite to Ayyappan Temple, Y Block, Anna Nagar, Chennai, Tamil Nadu 600040",096000 51444,N/A,N/A
CHENNAI PROPERTY SERVICE - Channel Partners Of Leading Builders,"3rd floor, No 1, 6th Main Rd, opposite to Ayyappan Temple, Y Block, Anna Nagar, Chennai, Tamil Nadu 600040",096000 51444,N/A,N/A
"Anand Rathi Wealth Ltd Chennai – Wealth Creation, Mutual Funds & Finance Experts for HNIs & UHNIs","Anand Rathi Wealth Limited Prestige Polygon, G-2, Ground Floor,No.471, Anna Salai, Nandanam, Chennai 4, Tamil Nadu 600035",N/A,https://www.anandrathiwealth.in/,N/A
HNI TECHNOLOGIES,"25H6+556, 12th Cross St, Porur, Chennai, Tamil Nadu 600116",N/A,N/A,N/A
Shifteasy Private Limited,"Second Floor, #2, Grand Southern Trunk Rd, Ramapuram, Alandur, Chennai, Tamil Nadu 600016",091500 16970,https://www.shifteasy.ai/,N/A
Revanza Leasing India Pvt Ltd,"26F5+H5P, Thiru Vi Ka Industrial Estate, Saidapet, Chennai, Tamil Nadu 600032",N/A,N/A,N/A
SAN Corporate Services,"46, N Mada St, near POLICE STATION, Jayalakshmipuram, Seetha Nagar, Nungambakkam, Chennai, Tamil Nadu 600034",098840 24757,https://sancorporate.com/,N/A
Rajam Property Management Services Pvt Ltd,"2nd floor, Twin Towers, No. 305E, Alwarpet, Chennai, Tamil Nadu 600004",072999 14181,https://rajamproperty.com/,N/A
Propertism Realty Advisors LLP,"3rd Floor, SSR Pankajam towers, 30, Arunachalam Rd, Saligramam, Chennai, Tamil Nadu 600093",086670 20798,http://www.propertism.com/,N/A
Hewlett Packard Enterprise (HPE) : Chennai India,"Level 5, PRESTIGE PALLADIUM BAYAN, 4th Floor, No 129 to 140, 'Prestige Palladium Bayan, : 129 – 140, Greams Rd, Chennai, Tamil Nadu 600006",1800 419 8080,https://www.hpe.com/in/en/home.html,N/A
Formula Group,"2nd Floor, No 508/165, Shree Apartments, Gandavadi Complex Flat 2-A, Door, TT Krishnamachari Rd, Chennai, Tamil Nadu 600018",096500 03642,https://www.formulaindia.com/,N/A
Hanu Reddy Realty,"Wallace Garden 1st St, Thousand Lights West, Thousand Lights, Chennai, Tamil Nadu 600006",044 4399 9500,http://www.hanureddyrealty.com/,N/A
CeeYen Real Estate Agency® || Real Estate Agents in Chennai || Real Estate Company,"476, 2nd Floor, 19th Street, 4th sector, K. K. Nagar, Chennai, Tamil Nadu 600078",090423 35335,http://ceeyen.com/,N/A
Lancor Holdings Limited,"No. 58, 2nd Floor, VTN Square Gopathi Narayanaswami Chetty Road G.N, Chetty Road, Satyamurthy Nagar, T. Nagar, Chennai, Tamil Nadu 600017",073777 08880,https://www.lancor.in/,N/A
"Office Rental, commercial building - Unipunch Holdings","40, 2nd Main Rd, Sai Nagar, Ambattur Industrial Estate, Chennai, Tamil Nadu 600058",N/A,https://www.unipunchholdings.com/,N/A
360 Property Management Services,"82/3, 1st St, Ashok Nagar, Chennai, Tamil Nadu 600083",090870 05533,http://360propertymanagement.in/,N/A
sri group of companies,"16, KK Salai, Kaveri Rangan nagar, Saligramam, Chennai, Tamil Nadu 600093",095000 72167,http://www.sricinehub.in/,N/A
Urmilla Enterprises Private Limited,"16, KK Salai, Kaveri Rangan nagar, Saligramam, Chennai, Tamil Nadu 600093",095000 72167,http://www.sricinehub.in/,N/A
Premier Housing & Properties,"NRD Towers, No 11 Floor, Jawaharlal Nehru Salai, 3rd Phase, Sector 10, Sivalingapuram, Ashok Nagar, Chennai, Tamil Nadu 600083",091760 60777,http://premierhousing.in/,N/A
VGN Homes Private Limited,"333, Poonamallee High Rd, Aminjikarai, Chennai, Tamil Nadu 600030",044 4393 7979,https://vgnhomes.org/,N/A
Budget Housing and Properties,"First Floor, No:7, 2nd Cross St, TVS Nagar, Korattur, Chennai, Puthagaram, Tamil Nadu 600076",095000 87337,http://www.bhap.in/,N/A
Home Konnect® - CRISIL Rated & RERA Registered Real Estate Consultants Award Winning Top Rated Real Estate Agency,"First Floor, No:7, 2nd Cross St, TVS Nagar, Korattur, Chennai, Puthagaram, Tamil Nadu 600076",095000 87337,http://www.bhap.in/,N/A
STAR PROPERTY Aminjikarai,"692/546, EVR Rd, Aminjikarai, Chennai, Tamil Nadu 600030",091765 28000,N/A,N/A
Luxclusive Homes,"14, Murrays Gate Rd, Vannia Teynampet, Venus Colony, Alwarpet, Chennai, Tamil Nadu 600018",074011 14444,https://www.luxclusivehomes.com/,N/A
Evrnest Vista Associate,"Flat No. 3, K V Apartments, 16A, Poes Garden, 2nd floor, Chennai, Tamil Nadu 600086",099520 70767,https://www.evrnest.in/,N/A
CitySide,"No.12A, Karuneegar St, Pallavan Nagar, Nerkundram, Chennai, Tamil Nadu 600107",N/A,https://cityside.in/,N/A
JK Property Management and Realty services,"2/674, Nakkeeran Salai, Dudhiya, J J Nagar, Mogappair East, Chennai, Tamil Nadu 600037",098409 90509,https://jkpropertymanagement.co.in/,N/A
"ASR Associates - Commercial Office Space, Factory, Warehouse, for lease & Re-Sale Properties to buy & Sell in Chennai","2/674, Nakkeeran Salai, Dudhiya, J J Nagar, Mogappair East, Chennai, Tamil Nadu 600037",098409 90509,https://jkpropertymanagement.co.in/,N/A
91Springboard Etica Malar,"Etica Malar Aurum, B-12, Guindy Industrial Estate, SIDCO Industrial Estate, Guindy, Chennai, Tamil Nadu 600032",N/A,https://www.91springboard.com/,N/A
Workafella Nungambakkam - Coworking Space in Chennai,"Workafella Business Centre-10, Uttamar Gandhi Salai, Nungambakkam High Rd, Chennai, Tamil Nadu 600034",1800 419 9807,https://www.workafella.com/office-space/coworking-space-in-chennai/nungambakkam/?datasource=&utm_sources=GMB,N/A
"ASR Associates - Commercial Office Space, Factory, Warehouse, for lease & Re-Sale Properties to buy & Sell in Chennai","57/22, 1st Floor, Kavarai St, West Mambalam, Chennai, Tamil Nadu 600033",095001 79577,http://www.rentorsale.in/,N/A
East India Chambers - Commercial office space for rent,"7, Valluvar Kottam High Rd, Subba Road Avenue, Nungambakkam, Chennai, Tamil Nadu 600034",N/A,N/A,N/A
Madras Commercial Space,"Madras Commercial Space, The Executive Zone, Shakti Tower - 1 Thousand Lights Metro Station 766, Anna Salai Next to Spencer's Plaza, Chennai, Tamil Nadu 600002",073051 67339,N/A,N/A
Commercial Space Mogappair,"2/40, Kalamegam Salai, Mogappair West, Ambattur Industrial Estate, Chennai, Tamil Nadu 600037",N/A,N/A,N/A
Priyadarshini Spaces,"#1447, 15th Main Rd, H Block, Anna Nagar West, Anna Nagar, Chennai, Tamil Nadu 600040",N/A,http://priyadarshinispaces.com/,N/A
"Office Rental, commercial building - Unipunch Holdings","40, 2nd Main Rd, Sai Nagar, Ambattur Industrial Estate, Chennai, Tamil Nadu 600058",N/A,https://www.unipunchholdings.com/,N/A
Chattels Retail (Real Estate) Pvt Ltd,"14, Murrays Gate Rd, Vannia Teynampet, Venus Colony, Alwarpet, Chennai, Tamil Nadu 600018",074180 87418,http://www.chattels.in/,N/A
POSITIVE POINT WAREHOUSES,"14, Murrays Gate Rd, Vannia Teynampet, Venus Colony, Alwarpet, Chennai, Tamil Nadu 600018",074180 87418,http://www.chattels.in/,N/A
"ASR Associates - Commercial Office Space, Factory, Warehouse, for lease & Re-Sale Properties to buy & Sell in Chennai","57/22, 1st Floor, Kavarai St, West Mambalam, Chennai, Tamil Nadu 600033",095001 79577,http://www.rentorsale.in/,N/A
Madras Commercial Space,"Madras Commercial Space, The Executive Zone, Shakti Tower - 1 Thousand Lights Metro Station 766, Anna Salai Next to Spencer's Plaza, Chennai, Tamil Nadu 600002",073051 67339,N/A,N/A
Commercial Space Mogappair,"2/40, Kalamegam Salai, Mogappair West, Ambattur Industrial Estate, Chennai, Tamil Nadu 600037",N/A,N/A,N/A
RD Retails And Brand Consulting Pvt. Ltd.,"4th Floor, Paramaount Plaza, 22, Uthamar Gandhi Rd, beside TAJ Coromandel Hotel, Ponnangipuram, Tirumurthy Nagar, Nungambakkam, Chennai, Tamil Nadu 600034",096000 78300,http://www.retailsandbrand.com/,N/A
Chattels Retail (Real Estate) Pvt Ltd,"14, Murrays Gate Rd, Vannia Teynampet, Venus Colony, Alwarpet, Chennai, Tamil Nadu 600018",074180 87418,http://www.chattels.in/,N/A
All Warehouses,"14, Murrays Gate Rd, Vannia Teynampet, Venus Colony, Alwarpet, Chennai, Tamil Nadu 600018",074180 87418,http://www.chattels.in/,N/A
Find City Homes,"715A 7th floor, Spencer Plaza Mall, Anna Salai, Chennai, Tamil Nadu 600002",098401 72803,http://www.findcityhomes.in/,N/A
Jain Estates,"2 /3, 8th Cross St W, West, Shenoy Nagar, Chennai, Tamil Nadu 600030",N/A,http://www.jainestates.com/,N/A
Second Home,"X62P+PFC, Sri Sai Nagar, Thoraipakkam, Tamil Nadu 600097",N/A,N/A,N/A
Vibha By Sri Lakshmi Homes,"9/6 Rajeswari Street, Nelson Manickam Rd, Metha Nagar, Chennai, Tamil Nadu 600030",090256 08916,http://www.slhvibha.com/,N/A
Nova Life Space Private Limited,"#309, Bay City Centre, 2nd Floor, Poonamallee High Rd, Kilpauk, Chennai, Tamil Nadu 600010",044 4050 5500,https://www.novalifespace.in/,N/A
Chennai Dream Homes®,"#309, Bay City Centre, 2nd Floor, Poonamallee High Rd, Kilpauk, Chennai, Tamil Nadu 600010",044 4050 5500,https://www.novalifespace.in/,N/A
NRI Properties,"Dr Rajendra Prasad Rd, Hasthinapuram, Chromepet, Chennai, Tamil Nadu 600046",072001 77200,https://nripropertiess.com/,N/A
NRI CARE,"No.7, Gangaiamman Koil St, Andavar Nagar, Kodambakkam, Chennai, Tamil Nadu 600026",098416 90906,http://nrichennai.com/,N/A
Genesiss NRI Property Management company,"No 15, 1st floor, No.7, Genesiss Victory Building, New, Old, 2nd St, Ashok Nagar, Chennai, Tamil Nadu 600017",N/A,N/A,N/A
NRI PROPERTIES ️ INIYA NAGAR ️,"No 220 kolathur, Singaperumal Koil, Tamil Nadu 603204",072001 77200,http://nripropertiess.com/,N/A
Propertism Realty Advisors LLP,"3rd Floor, SSR Pankajam towers, 30, Arunachalam Rd, Saligramam, Chennai, Tamil Nadu 600093",086670 20798,http://www.propertism.com/,N/A
JK Property Management and Realty services,"2/674, Nakkeeran Salai, Dudhiya, J J Nagar, Mogappair East, Chennai, Tamil Nadu 600037",098409 90509,https://jkpropertymanagement.co.in/,N/A
Jai hind nri services,"2/674, Nakkeeran Salai, Dudhiya, J J Nagar, Mogappair East, Chennai, Tamil Nadu 600037",098409 90509,https://jkpropertymanagement.co.in/,N/A
